1,What is 5 + 3?,6,7,8,9,8,Mathematics,Elementary,2025-06-04 21:32:50.16271
2,What is the value of 10 - 4?,6,5,7,4,6,Mathematics,Elementary,2025-06-04 21:32:50.168981
3,Which number is even?,3,7,4,9,4,Mathematics,Elementary,2025-06-04 21:32:50.169816
4,What is 2 x 3?,6,5,4,3,6,Mathematics,Elementary,2025-06-04 21:32:50.170497
5,Which number comes after 12?,11,13,14,12,13,Mathematics,Elementary,2025-06-04 21:32:50.171203
6,What is half of 10?,4,6,5,3,5,Mathematics,Elementary,2025-06-04 21:32:50.171945
7,Which shape has 4 equal sides?,Triangle,Rectangle,Circle,Square,Square,Mathematics,Elementary,2025-06-04 21:32:50.17275
8,What is 15 divided by 3?,4,5,3,6,5,Mathematics,Elementary,2025-06-04 21:32:50.173487
9,What is 7 + 6?,12,13,14,11,13,Mathematics,Elementary,2025-06-04 21:32:50.174258
10,Which is the smallest number?,2,9,4,7,2,Mathematics,Elementary,2025-06-04 21:32:50.174996
11,"What is the next number in the sequence: 2, 4, 6, __?",7,8,10,5,8,Mathematics,Elementary,2025-06-04 21:32:50.17571
12,How many sides does a triangle have?,3,4,5,6,3,Mathematics,Elementary,2025-06-04 21:32:50.17642
13,What is 4 + 4?,6,8,7,9,8,Mathematics,Elementary,2025-06-04 21:32:50.177137
14,Which number is greater: 12 or 15?,12,15,Equal,Cannot be compared,15,Mathematics,Elementary,2025-06-04 21:32:50.177853
15,What is 9 - 3?,6,7,5,4,6,Mathematics,Elementary,2025-06-04 21:32:50.178547
16,Which shape has no corners?,Circle,Square,Triangle,Rectangle,Circle,Mathematics,Elementary,2025-06-04 21:32:50.179236
17,What is 2 + 5?,6,7,8,9,7,Mathematics,Elementary,2025-06-04 21:32:50.179937
18,Which number is odd?,8,10,7,6,7,Mathematics,Elementary,2025-06-04 21:32:50.18063
19,How many legs do 3 cats have?,12,8,6,10,12,Mathematics,Elementary,2025-06-04 21:32:50.181321
20,What is 6 x 1?,5,6,7,8,6,Mathematics,Elementary,2025-06-04 21:32:50.18204
21,"Which number is missing: 1, 2, __, 4?",5,2,3,6,3,Mathematics,Elementary,2025-06-04 21:32:50.182776
22,What time is it if the clock shows 3:00?,Midnight,Morning,Three o'clock,Lunch time,Three o'clock,Mathematics,Elementary,2025-06-04 21:32:50.183492
23,How many fingers are on one hand?,4,5,6,10,5,Mathematics,Elementary,2025-06-04 21:32:50.184267
24,What is 20 - 10?,9,10,11,8,10,Mathematics,Elementary,2025-06-04 21:32:50.18504
25,What is the double of 4?,8,6,7,5,8,Mathematics,Elementary,2025-06-04 21:32:50.186187
26,What force pulls objects toward the Earth?,Magnetism,Electricity,Gravity,Friction,Gravity,Physics,Elementary,2025-06-04 21:32:50.186895
27,What do we use to see things?,Hands,Eyes,Ears,Mouth,Eyes,Physics,Elementary,2025-06-04 21:32:50.18757
28,What does a thermometer measure?,Length,Weight,Temperature,Speed,Temperature,Physics,Elementary,2025-06-04 21:32:50.18825
29,Which one is a source of light?,Moon,Mirror,Sun,Book,Sun,Physics,Elementary,2025-06-04 21:32:50.188918
30,What do you call the push or pull on an object?,Speed,Force,Mass,Motion,Force,Physics,Elementary,2025-06-04 21:32:50.189573
31,Which sense helps us hear sound?,Touch,Sight,Hearing,Taste,Hearing,Physics,Elementary,2025-06-04 21:32:50.19022
32,What makes things hot?,Water,Heat,Cold,Light,Heat,Physics,Elementary,2025-06-04 21:32:50.190896
33,What do we call it when an object moves?,Stillness,Sound,Motion,Gravity,Motion,Physics,Elementary,2025-06-04 21:32:50.191617
34,Which of these is a solid?,Juice,Air,Ice,Steam,Ice,Physics,Elementary,2025-06-04 21:32:50.192436
35,Which is faster: a car or a bicycle?,Bicycle,Car,They are equal,None,Car,Physics,Elementary,2025-06-04 21:32:50.193204
36,What tool helps us to see tiny things?,Microscope,Telescope,Clock,Scale,Microscope,Physics,Elementary,2025-06-04 21:32:50.193999
37,Which of these is a gas?,Rock,Water,Air,Ice,Air,Physics,Elementary,2025-06-04 21:32:50.194641
38,What makes a shadow?,Water,Light,Air,Blockage of light,Blockage of light,Physics,Elementary,2025-06-04 21:32:50.195352
39,What happens when you mix red and blue light?,Green,Purple,Yellow,Orange,Purple,Physics,Elementary,2025-06-04 21:32:50.196232
40,Which tool measures how long something is?,Clock,Thermometer,Ruler,Scale,Ruler,Physics,Elementary,2025-06-04 21:32:50.197021
41,Which object is magnetic?,Wood,Plastic,Iron nail,Glass,Iron nail,Physics,Elementary,2025-06-04 21:32:50.197747
42,What happens when two magnets are brought close together?,They explode,They bounce,They attract or repel,They melt,They attract or repel,Physics,Elementary,2025-06-04 21:32:50.198415
43,What do you need to make a shadow?,Light and object,Mirror,Water,Dark room,Light and object,Physics,Elementary,2025-06-04 21:32:50.199572
44,What is sound caused by?,Light,Electricity,Vibrations,Air,Vibrations,Physics,Elementary,2025-06-04 21:32:50.200207
45,Which object would float in water?,Rock,Metal key,Plastic bottle,Coin,Plastic bottle,Physics,Elementary,2025-06-04 21:32:50.200856
46,What does the Sun provide?,Snow,Wind,Heat and light,Water,Heat and light,Physics,Elementary,2025-06-04 21:32:50.201405
47,What happens when you rub your hands together?,They get colder,They stay the same,They heat up,They grow,They heat up,Physics,Elementary,2025-06-04 21:32:50.201928
48,What tool tells us the time?,Scale,Clock,Microscope,Ruler,Clock,Physics,Elementary,2025-06-04 21:32:50.202442
49,Which one is not a source of sound?,Bell,Drum,Book,Radio,Book,Physics,Elementary,2025-06-04 21:32:50.202944
50,What is the opposite of push?,Pull,Drop,Lift,Throw,Pull,Physics,Elementary,2025-06-04 21:32:50.203825
51,What is water made of?,Oxygen only,Hydrogen only,Hydrogen and oxygen,Carbon and oxygen,Hydrogen and oxygen,Chemistry,Elementary,2025-06-04 21:32:50.204398
52,Which of these is not a state of matter?,Solid,Liquid,Gas,Energy,Energy,Chemistry,Elementary,2025-06-04 21:32:50.204928
53,What color is oxygen?,Blue,Red,Colorless,Green,Colorless,Chemistry,Elementary,2025-06-04 21:32:50.205444
54,What do we call everything around us?,Matter,Energy,Air,Dust,Matter,Chemistry,Elementary,2025-06-04 21:32:50.205966
55,Which one is a liquid at room temperature?,Ice,Steam,Water,Salt,Water,Chemistry,Elementary,2025-06-04 21:32:50.206575
56,What happens when you heat ice?,It freezes,It melts,It disappears,It turns into gas directly,It melts,Chemistry,Elementary,2025-06-04 21:32:50.207225
57,What is table salt made of?,Sugar and water,Sand and water,Sodium and chlorine,Oxygen and hydrogen,Sodium and chlorine,Chemistry,Elementary,2025-06-04 21:32:50.207873
58,Which of these is not a chemical change?,Burning wood,Melting ice,Rusting iron,Cooking food,Melting ice,Chemistry,Elementary,2025-06-04 21:32:50.208521
59,Which gas do we breathe in to stay alive?,Nitrogen,Hydrogen,Oxygen,Carbon dioxide,Oxygen,Chemistry,Elementary,2025-06-04 21:32:50.209166
60,What is everything made of?,Cells,Atoms,Lights,Colors,Atoms,Chemistry,Elementary,2025-06-04 21:32:50.20981
61,What is the freezing point of water?,100°C,50°C,0°C,25°C,0°C,Chemistry,Elementary,2025-06-04 21:32:50.21052
62,Which of these is a chemical property?,Color,Shape,Flammability,Size,Flammability,Chemistry,Elementary,2025-06-04 21:32:50.211179
63,Which one is not a mixture?,Salad,Saltwater,Pure water,Air,Pure water,Chemistry,Elementary,2025-06-04 21:32:50.211811
64,Which one is a solid?,Juice,Steam,Ice cube,Milk,Ice cube,Chemistry,Elementary,2025-06-04 21:32:50.212498
65,What happens when water boils?,It freezes,It evaporates,It condenses,It disappears forever,It evaporates,Chemistry,Elementary,2025-06-04 21:32:50.213133
66,What do we call a scientist who studies chemicals?,Biologist,Chemist,Physicist,Doctor,Chemist,Chemistry,Elementary,2025-06-04 21:32:50.215107
67,What is a solution?,A solid,A type of atom,A mixture that looks like one substance,A gas,A mixture that looks like one substance,Chemistry,Elementary,2025-06-04 21:32:50.215694
68,Which of these can dissolve in water?,Sand,Iron,Salt,Plastic,Salt,Chemistry,Elementary,2025-06-04 21:32:50.216315
69,What is the symbol for water?,O2,CO2,H2O,NaCl,H2O,Chemistry,Elementary,2025-06-04 21:32:50.217249
70,What do we call a change that makes something new?,Physical change,Chemical change,State change,Temporary change,Chemical change,Chemistry,Elementary,2025-06-04 21:32:50.217974
71,What happens when you mix vinegar and baking soda?,Nothing,They freeze,They boil,They fizz and make bubbles,They fizz and make bubbles,Chemistry,Elementary,2025-06-04 21:32:50.2188
72,Which one is a gas?,Milk,Oxygen,Juice,Ice,Oxygen,Chemistry,Elementary,2025-06-04 21:32:50.219489
73,Which state of matter takes the shape of its container?,Solid,Liquid,Gas,Both liquid and gas,Both liquid and gas,Chemistry,Elementary,2025-06-04 21:32:50.220098
74,What tool is used to mix chemicals?,Microscope,Flask,Clock,Magnet,Flask,Chemistry,Elementary,2025-06-04 21:32:50.220678
75,What do we call a solid that forms when two liquids are mixed?,Gas,Solution,Precipitate,Dissolve,Precipitate,Chemistry,Elementary,2025-06-04 21:32:50.221712
76,What do all living things need to survive?,"Sunlight, water, and air","Books, pencils, and chairs","Clothes, toys, and TV","Music, dance, and games","Sunlight, water, and air",Biology,Elementary,2025-06-04 21:32:50.222339
77,What do plants use to make their own food?,Soil,Sunlight,Water only,Rocks,Sunlight,Biology,Elementary,2025-06-04 21:32:50.223009
78,Which part of the body helps you to see?,Nose,Eyes,Ears,Hands,Eyes,Biology,Elementary,2025-06-04 21:32:50.223677
79,What is the function of roots in a plant?,To make seeds,To absorb water,To make flowers,To scare animals,To absorb water,Biology,Elementary,2025-06-04 21:32:50.224366
80,What do we call animals that eat only plants?,Carnivores,Herbivores,Omnivores,Predators,Herbivores,Biology,Elementary,2025-06-04 21:32:50.225055
81,Which organ pumps blood through your body?,Lungs,Stomach,Heart,Brain,Heart,Biology,Elementary,2025-06-04 21:32:50.225701
82,What are baby frogs called?,Puppies,Tadpoles,Kittens,Larvae,Tadpoles,Biology,Elementary,2025-06-04 21:32:50.226343
83,Which of these animals is a mammal?,Frog,Shark,Whale,Snake,Whale,Biology,Elementary,2025-06-04 21:32:50.22699
84,What part of a plant is usually green and uses sunlight?,Root,Stem,Leaf,Flower,Leaf,Biology,Elementary,2025-06-04 21:32:50.227636
85,What helps fish breathe underwater?,Nose,Lungs,Gills,Wings,Gills,Biology,Elementary,2025-06-04 21:32:50.228282
86,Which part of the body helps you think?,Heart,Brain,Lungs,Stomach,Brain,Biology,Elementary,2025-06-04 21:32:50.228986
87,Where does a bird lay its eggs?,Cave,Nest,Water,Ground,Nest,Biology,Elementary,2025-06-04 21:32:50.229625
88,What do bees collect from flowers?,Water,Leaves,Pollen,Soil,Pollen,Biology,Elementary,2025-06-04 21:32:50.230292
89,Which one is a reptile?,Cow,Snake,Penguin,Frog,Snake,Biology,Elementary,2025-06-04 21:32:50.230934
90,How many legs does an insect have?,Four,Six,Eight,Ten,Six,Biology,Elementary,2025-06-04 21:32:50.23177
91,What covers a bird’s body?,Fur,Scales,Feathers,Skin,Feathers,Biology,Elementary,2025-06-04 21:32:50.232504
92,What do we call the process of a caterpillar turning into a butterfly?,Photosynthesis,Metamorphosis,Evaporation,Hibernation,Metamorphosis,Biology,Elementary,2025-06-04 21:32:50.233131
93,Which of these is a sense?,Walking,Hearing,Thinking,Eating,Hearing,Biology,Elementary,2025-06-04 21:32:50.233748
94,What do humans use to smell things?,Ears,Eyes,Mouth,Nose,Nose,Biology,Elementary,2025-06-04 21:32:50.234501
95,Which organ helps you breathe?,Heart,Lungs,Brain,Liver,Lungs,Biology,Elementary,2025-06-04 21:32:50.2352
96,What kind of animal lays eggs and has feathers?,Fish,Reptile,Bird,Mammal,Bird,Biology,Elementary,2025-06-04 21:32:50.236044
97,Which part of the plant holds it upright?,Root,Stem,Leaf,Seed,Stem,Biology,Elementary,2025-06-04 21:32:50.236828
98,What do we call animals that eat both plants and meat?,Herbivores,Carnivores,Omnivores,Vegetarians,Omnivores,Biology,Elementary,2025-06-04 21:32:50.237601
99,Which of these grows from a seed?,Rock,Plant,Sand,Water,Plant,Biology,Elementary,2025-06-04 21:32:50.238211
100,Where do fish live?,Air,Land,Trees,Water,Water,Biology,Elementary,2025-06-04 21:32:50.239048
101,What is a computer?,A type of animal,A machine that thinks,A machine that processes information,A kind of food,A machine that processes information,Computer Science,Elementary,2025-06-04 21:32:50.23963
102,Which part of a computer shows you pictures and words?,Mouse,Monitor,Keyboard,Printer,Monitor,Computer Science,Elementary,2025-06-04 21:32:50.240204
103,What do you use to type on a computer?,Mouse,Screen,Keyboard,Speaker,Keyboard,Computer Science,Elementary,2025-06-04 21:32:50.240938
104,What is the mouse used for?,To click and move items on screen,To print,To sing,To clean the screen,To click and move items on screen,Computer Science,Elementary,2025-06-04 21:32:50.241701
105,What do we call the main computer box?,Monitor,Keyboard,CPU,Mouse,CPU,Computer Science,Elementary,2025-06-04 21:32:50.24237
106,What do we call a set of instructions for a computer?,Recipe,Program,Puzzle,Game,Program,Computer Science,Elementary,2025-06-04 21:32:50.243639
107,Which of these is used to draw on a computer?,Paint software,Email,Web browser,File manager,Paint software,Computer Science,Elementary,2025-06-04 21:32:50.244354
108,What is the Internet?,A toy,A food,A network of computers,A drawing tool,A network of computers,Computer Science,Elementary,2025-06-04 21:32:50.245037
109,What do we call someone who writes computer code?,Driver,Chef,Programmer,Artist,Programmer,Computer Science,Elementary,2025-06-04 21:32:50.245733
110,What does a printer do?,Plays music,Displays images,Prints documents,Stores files,Prints documents,Computer Science,Elementary,2025-06-04 21:32:50.246437
111,What does 'clicking' mean on a computer?,Typing fast,Moving the keyboard,Pressing the mouse button,Closing the screen,Pressing the mouse button,Computer Science,Elementary,2025-06-04 21:32:50.24712
112,Which device helps you hear sounds from the computer?,Microphone,Speaker,Monitor,Keyboard,Speaker,Computer Science,Elementary,2025-06-04 21:32:50.247771
113,Which one is an input device?,Monitor,Printer,Mouse,Speaker,Mouse,Computer Science,Elementary,2025-06-04 21:32:50.248448
114,What is coding?,Solving puzzles,Giving instructions to a computer,Drawing pictures,Watching videos,Giving instructions to a computer,Computer Science,Elementary,2025-06-04 21:32:50.249472
115,Which of these is used to store files?,Screen,Flash drive,Speaker,Cable,Flash drive,Computer Science,Elementary,2025-06-04 21:32:50.250143
116,What is a robot?,A kind of toy,A machine that can do tasks,A drawing,A keyboard,A machine that can do tasks,Computer Science,Elementary,2025-06-04 21:32:50.250723
117,What should you do before using a computer?,Wash your hands,Jump,Eat lunch,Sleep,Wash your hands,Computer Science,Elementary,2025-06-04 21:32:50.251358
118,What is a password used for?,To play music,To protect your computer,To turn off the computer,To clean the screen,To protect your computer,Computer Science,Elementary,2025-06-04 21:32:50.252425
119,What is a file?,A kind of game,A way to store data,A printer,A color tool,A way to store data,Computer Science,Elementary,2025-06-04 21:32:50.253115
120,What is an icon on the screen?,A real object,A small picture that represents something,A type of paper,A song,A small picture that represents something,Computer Science,Elementary,2025-06-04 21:32:50.25377
121,Which tool can help you surf the web?,Paint,Notepad,Browser,Calculator,Browser,Computer Science,Elementary,2025-06-04 21:32:50.254405
122,What does 'save' mean on a computer?,Throw away a file,Make a copy of work,Turn off the computer,Clean the screen,Make a copy of work,Computer Science,Elementary,2025-06-04 21:32:50.255034
123,What should you do when you finish using a computer?,Close the lid and walk away,Leave it on,Shut it down properly,Delete all files,Shut it down properly,Computer Science,Elementary,2025-06-04 21:32:50.255663
124,What does a webcam do?,Print pictures,Take pictures and video,Play sounds,Draw cartoons,Take pictures and video,Computer Science,Elementary,2025-06-04 21:32:50.256257
125,What does 'drag and drop' mean?,Lifting the monitor,Moving files on the screen using the mouse,Clicking twice,Opening the keyboard,Moving files on the screen using the mouse,Computer Science,Elementary,2025-06-04 21:32:50.25732
126,What is the value of 3²?,6,9,12,18,9,Mathematics,Middle School,2025-06-04 21:32:50.257925
127,What is 25% of 200?,25,50,75,100,50,Mathematics,Middle School,2025-06-04 21:32:50.258492
128,Solve for x: 2x + 3 = 11,3,4,5,6,4,Mathematics,Middle School,2025-06-04 21:32:50.259156
129,Which number is a prime number?,4,9,11,15,11,Mathematics,Middle School,2025-06-04 21:32:50.259819
130,What is the perimeter of a rectangle with length 5 and width 3?,15,16,18,20,16,Mathematics,Middle School,2025-06-04 21:32:50.260383
131,"What is the median of the set: 3, 7, 9, 10, 15?",7,9,10,15,9,Mathematics,Middle School,2025-06-04 21:32:50.261028
132,"If a triangle has angles of 50° and 60°, what is the third angle?",60°,70°,80°,90°,70°,Mathematics,Middle School,2025-06-04 21:32:50.261712
133,Simplify: (2 + 3) × 4,14,20,24,18,20,Mathematics,Middle School,2025-06-04 21:32:50.262361
134,What is the area of a square with side length 6?,12,24,36,48,36,Mathematics,Middle School,2025-06-04 21:32:50.263007
135,What is the value of π (pi) approximately?,2.14,3.14,4.14,5.14,3.14,Mathematics,Middle School,2025-06-04 21:32:50.26373
136,Which is a rational number?,π,√2,0.75,√3,0.75,Mathematics,Middle School,2025-06-04 21:32:50.264326
137,What is 2/5 + 1/10?,1/2,3/5,7/10,9/10,1/2,Mathematics,Middle School,2025-06-04 21:32:50.264978
138,What is the greatest common factor (GCF) of 18 and 24?,3,6,9,12,6,Mathematics,Middle School,2025-06-04 21:32:50.265661
139,What is 8³?,64,128,512,1024,512,Mathematics,Middle School,2025-06-04 21:32:50.266328
140,Which of these is a linear equation?,y = x²,y = 2x + 3,y = √x,y = 1/x,y = 2x + 3,Mathematics,Middle School,2025-06-04 21:32:50.267135
141,Convert 0.75 to a fraction.,1/2,2/3,3/4,4/5,3/4,Mathematics,Middle School,2025-06-04 21:32:50.268033
142,What is the volume of a cube with side length 4?,16,32,64,128,64,Mathematics,Middle School,2025-06-04 21:32:50.268676
143,Which figure has exactly one pair of parallel sides?,Square,Trapezoid,Rectangle,Rhombus,Trapezoid,Mathematics,Middle School,2025-06-04 21:32:50.269291
144,What is the slope of the line y = 3x + 2?,2,3,5,6,3,Mathematics,Middle School,2025-06-04 21:32:50.269914
145,"What is the next number in the pattern: 2, 4, 8, 16, ...?",18,24,30,32,32,Mathematics,Middle School,2025-06-04 21:32:50.270571
146,"If you flip a coin, what is the probability of getting heads?",1,0,1/2,1/3,1/2,Mathematics,Middle School,2025-06-04 21:32:50.271191
147,What is the square root of 121?,10,11,12,13,11,Mathematics,Middle School,2025-06-04 21:32:50.271832
148,Solve: 3(x - 2) = 9,2,3,4,5,5,Mathematics,Middle School,2025-06-04 21:32:50.272445
149,What is 10% of 500?,10,20,50,100,50,Mathematics,Middle School,2025-06-04 21:32:50.273225
150,What is the decimal form of 1/4?,0.2,0.25,0.3,0.4,0.25,Mathematics,Middle School,2025-06-04 21:32:50.274356
151,What is the force that pulls objects toward the Earth?,Magnetism,Friction,Gravity,Electricity,Gravity,Physics,Middle School,2025-06-04 21:32:50.274969
152,Which unit is used to measure force?,Watt,Newton,Joule,Pascal,Newton,Physics,Middle School,2025-06-04 21:32:50.275562
153,What is the formula for speed?,Speed = Distance × Time,Speed = Distance / Time,Speed = Time / Distance,Speed = Force × Distance,Speed = Distance / Time,Physics,Middle School,2025-06-04 21:32:50.276177
154,Which of the following is a simple machine?,Car,Pulley,Battery,Lightbulb,Pulley,Physics,Middle School,2025-06-04 21:32:50.276831
155,What type of energy does a moving object have?,Potential energy,Kinetic energy,Chemical energy,Thermal energy,Kinetic energy,Physics,Middle School,2025-06-04 21:32:50.277539
156,What do we use to measure temperature?,Thermometer,Barometer,Ruler,Scale,Thermometer,Physics,Middle School,2025-06-04 21:32:50.278253
157,What happens to the particles of matter when heated?,They stop moving,They slow down,They move faster,They disappear,They move faster,Physics,Middle School,2025-06-04 21:32:50.278923
158,Which of these is not a state of matter?,Solid,Liquid,Gas,Energy,Energy,Physics,Middle School,2025-06-04 21:32:50.279722
159,Which of the following is a non-contact force?,Friction,Gravity,Push,Pull,Gravity,Physics,Middle School,2025-06-04 21:32:50.280359
160,What is the standard unit of energy?,Joule,Newton,Meter,Watt,Joule,Physics,Middle School,2025-06-04 21:32:50.281157
161,Sound travels fastest through which medium?,Air,Water,Steel,Vacuum,Steel,Physics,Middle School,2025-06-04 21:32:50.282075
162,What color of light has the highest energy?,Red,Green,Blue,Violet,Violet,Physics,Middle School,2025-06-04 21:32:50.28288
163,What type of energy is stored in a battery?,Thermal energy,Chemical energy,Kinetic energy,Solar energy,Chemical energy,Physics,Middle School,2025-06-04 21:32:50.283703
164,What does a convex lens do to light rays?,Spreads them out,Bends them inward,Reflects them,Absorbs them,Bends them inward,Physics,Middle School,2025-06-04 21:32:50.284414
165,What is inertia?,Force of gravity,Resistance to change in motion,Measure of energy,Speed of an object,Resistance to change in motion,Physics,Middle School,2025-06-04 21:32:50.285045
166,Which tool measures electric current?,Thermometer,Ammeter,Voltmeter,Barometer,Ammeter,Physics,Middle School,2025-06-04 21:32:50.285717
167,What is friction?,A pulling force,A pushing force,A force that opposes motion,A magnetic force,A force that opposes motion,Physics,Middle School,2025-06-04 21:32:50.28641
168,In which direction does heat flow?,Cold to hot,Hot to cold,Upward only,Downward only,Hot to cold,Physics,Middle School,2025-06-04 21:32:50.28702
169,What is the speed of light in vacuum approximately?,"3,000 km/s","30,000 km/s","300,000 km/s","3,000,000 km/s","300,000 km/s",Physics,Middle School,2025-06-04 21:32:50.287628
170,Which planet has the strongest gravity?,Earth,Mars,Jupiter,Venus,Jupiter,Physics,Middle School,2025-06-04 21:32:50.288229
171,Which device converts electrical energy to sound?,Motor,Speaker,Bulb,Battery,Speaker,Physics,Middle School,2025-06-04 21:32:50.289297
172,What is a conductor?,A material that blocks electricity,A material that allows electricity to flow,A magnetic material,An insulator,A material that allows electricity to flow,Physics,Middle School,2025-06-04 21:32:50.289996
173,What is the main source of energy for Earth?,Wind,Coal,The Moon,The Sun,The Sun,Physics,Middle School,2025-06-04 21:32:50.291469
174,Which force slows down a falling object with a parachute?,Gravity,Air resistance,Magnetism,Tension,Air resistance,Physics,Middle School,2025-06-04 21:32:50.292101
175,Which form of energy comes from the vibration of particles?,Light,Sound,Heat,Magnetic,Sound,Physics,Middle School,2025-06-04 21:32:50.293173
176,What is the basic unit of matter?,Atom,Molecule,Cell,Electron,Atom,Chemistry,Middle School,2025-06-04 21:32:50.293899
177,What is H2O commonly known as?,Hydrogen peroxide,Salt,Water,Carbon dioxide,Water,Chemistry,Middle School,2025-06-04 21:32:50.294611
178,Which of the following is a gas at room temperature?,Oxygen,Iron,Mercury,Water,Oxygen,Chemistry,Middle School,2025-06-04 21:32:50.295312
179,What is the chemical symbol for gold?,Ag,Au,Gd,Go,Au,Chemistry,Middle School,2025-06-04 21:32:50.296014
180,What is the pH of a neutral substance like pure water?,0,7,10,14,7,Chemistry,Middle School,2025-06-04 21:32:50.296703
181,Which part of the atom has a negative charge?,Proton,Electron,Neutron,Nucleus,Electron,Chemistry,Middle School,2025-06-04 21:32:50.297394
182,What do we call a substance made of only one type of atom?,Compound,Mixture,Solution,Element,Element,Chemistry,Middle School,2025-06-04 21:32:50.298066
183,Which state of matter has no fixed shape but has a fixed volume?,Solid,Liquid,Gas,Plasma,Liquid,Chemistry,Middle School,2025-06-04 21:32:50.298728
184,Which of these is a physical change?,Burning wood,Melting ice,Rusting iron,Cooking an egg,Melting ice,Chemistry,Middle School,2025-06-04 21:32:50.299476
185,What does the periodic table organize?,Planets,Animals,Elements,Rocks,Elements,Chemistry,Middle School,2025-06-04 21:32:50.300039
186,Which of the following is a mixture?,Salt,Water,Air,Carbon dioxide,Air,Chemistry,Middle School,2025-06-04 21:32:50.300702
187,Which gas do humans breathe in to survive?,Carbon dioxide,Nitrogen,Oxygen,Helium,Oxygen,Chemistry,Middle School,2025-06-04 21:32:50.301404
188,What is the process of a solid changing directly into a gas?,Condensation,Freezing,Sublimation,Evaporation,Sublimation,Chemistry,Middle School,2025-06-04 21:32:50.302073
189,What is table salt made of?,Hydrogen and oxygen,Sodium and chlorine,Carbon and oxygen,Iron and sulfur,Sodium and chlorine,Chemistry,Middle School,2025-06-04 21:32:50.302733
190,What is the smallest part of an element that still has its properties?,Electron,Atom,Molecule,Compound,Atom,Chemistry,Middle School,2025-06-04 21:32:50.303402
191,What do you call a combination of two or more substances that can be separated?,Element,Mixture,Compound,Solution,Mixture,Chemistry,Middle School,2025-06-04 21:32:50.3041
192,Which element is needed for fire to burn?,Carbon,Hydrogen,Oxygen,Nitrogen,Oxygen,Chemistry,Middle School,2025-06-04 21:32:50.304824
193,Which of these is a chemical property?,Color,Melting point,Reactivity,Density,Reactivity,Chemistry,Middle School,2025-06-04 21:32:50.305506
194,How many atoms are in one water molecule?,1,2,3,4,3,Chemistry,Middle School,2025-06-04 21:32:50.306192
195,What kind of change is burning wood?,Physical change,Chemical change,Phase change,No change,Chemical change,Chemistry,Middle School,2025-06-04 21:32:50.306883
196,Which of the following is an example of a compound?,Iron,Air,Water,Helium,Water,Chemistry,Middle School,2025-06-04 21:32:50.30773
197,What is the center of an atom called?,Electron,Shell,Nucleus,Molecule,Nucleus,Chemistry,Middle School,2025-06-04 21:32:50.308413
198,What is the chemical symbol for sodium?,Na,S,So,Sn,Na,Chemistry,Middle School,2025-06-04 21:32:50.309026
199,Which tool is used to measure mass?,Thermometer,Graduated cylinder,Balance,Meter stick,Balance,Chemistry,Middle School,2025-06-04 21:32:50.30965
200,What kind of bond involves sharing electrons?,Ionic bond,Hydrogen bond,Covalent bond,Metallic bond,Covalent bond,Chemistry,Middle School,2025-06-04 21:32:50.310568
201,What is the basic unit of life?,Tissue,Cell,Organ,Organism,Cell,Biology,Middle School,2025-06-04 21:32:50.311172
202,What part of the cell contains genetic material?,Cytoplasm,Membrane,Nucleus,Mitochondria,Nucleus,Biology,Middle School,2025-06-04 21:32:50.311755
203,Which organ system is responsible for transporting blood?,Nervous system,Respiratory system,Digestive system,Circulatory system,Circulatory system,Biology,Middle School,2025-06-04 21:32:50.312295
204,Which of these is a vertebrate?,Worm,Frog,Insect,Spider,Frog,Biology,Middle School,2025-06-04 21:32:50.312834
205,Which process do plants use to make food?,Digestion,Respiration,Photosynthesis,Fermentation,Photosynthesis,Biology,Middle School,2025-06-04 21:32:50.313357
206,What gas do humans breathe in to survive?,Oxygen,Carbon dioxide,Nitrogen,Helium,Oxygen,Biology,Middle School,2025-06-04 21:32:50.313895
207,What part of the plant absorbs water and nutrients?,Stem,Leaves,Roots,Flowers,Roots,Biology,Middle School,2025-06-04 21:32:50.314448
208,Which part of the brain controls breathing and heartbeat?,Cerebellum,Cerebrum,Brain stem,Spinal cord,Brain stem,Biology,Middle School,2025-06-04 21:32:50.314976
209,What organ helps filter waste from the blood?,Liver,Stomach,Heart,Kidney,Kidney,Biology,Middle School,2025-06-04 21:32:50.315507
210,Which group includes animals with feathers?,Mammals,Fish,Reptiles,Birds,Birds,Biology,Middle School,2025-06-04 21:32:50.316094
211,What is the main function of the respiratory system?,Digest food,Pump blood,Remove waste,Exchange gases,Exchange gases,Biology,Middle School,2025-06-04 21:32:50.316659
212,Which body system helps protect against diseases?,Skeletal,Muscular,Immune,Digestive,Immune,Biology,Middle School,2025-06-04 21:32:50.317193
213,What do we call animals that eat only plants?,Carnivores,Omnivores,Herbivores,Scavengers,Herbivores,Biology,Middle School,2025-06-04 21:32:50.317698
214,Which organ produces insulin?,Liver,Pancreas,Stomach,Intestine,Pancreas,Biology,Middle School,2025-06-04 21:32:50.318207
215,What structure do plant cells have that animal cells do not?,Nucleus,Cell wall,Mitochondria,Cytoplasm,Cell wall,Biology,Middle School,2025-06-04 21:32:50.318718
216,What is DNA responsible for?,Carrying oxygen,Breaking down food,Storing genetic information,Providing energy,Storing genetic information,Biology,Middle School,2025-06-04 21:32:50.319216
217,What type of reproduction involves only one parent?,Sexual,Binary,Asexual,Meiosis,Asexual,Biology,Middle School,2025-06-04 21:32:50.320188
218,What organ pumps blood throughout the body?,Lungs,Liver,Heart,Brain,Heart,Biology,Middle School,2025-06-04 21:32:50.320906
219,Which part of the body helps us sense light?,Nose,Skin,Eye,Ear,Eye,Biology,Middle School,2025-06-04 21:32:50.321607
220,Which group of organisms is made of only one cell?,Plants,Fungi,Animals,Bacteria,Bacteria,Biology,Middle School,2025-06-04 21:32:50.322329
221,What is the green pigment in plants called?,Chlorophyll,Melanin,Hemoglobin,Keratin,Chlorophyll,Biology,Middle School,2025-06-04 21:32:50.323041
222,Which system helps the body move?,Nervous system,Circulatory system,Muscular system,Immune system,Muscular system,Biology,Middle School,2025-06-04 21:32:50.323783
223,What do we call the young form of a frog?,Tadpole,Larva,Egg,Worm,Tadpole,Biology,Middle School,2025-06-04 21:32:50.324388
224,How do fungi obtain food?,Photosynthesis,Absorbing nutrients,Eating plants,Breathing it,Absorbing nutrients,Biology,Middle School,2025-06-04 21:32:50.324962
225,What is the main function of the skeleton?,Produce blood,Protect organs,Digest food,Store fat,Protect organs,Biology,Middle School,2025-06-04 21:32:50.325786
226,What does CPU stand for?,Central Processing Unit,Computer Personal Unit,Central Programming Unit,Control Processing Unit,Central Processing Unit,Computer Science,Middle School,2025-06-04 21:32:50.326473
227,Which device is used to input data into a computer?,Monitor,Keyboard,Printer,Speaker,Keyboard,Computer Science,Middle School,2025-06-04 21:32:50.327089
228,What is software?,Physical parts of a computer,Programs and instructions,Computer games,Internet connection,Programs and instructions,Computer Science,Middle School,2025-06-04 21:32:50.327677
229,Which of these is an output device?,Mouse,Keyboard,Monitor,Scanner,Monitor,Computer Science,Middle School,2025-06-04 21:32:50.32837
230,What is the main function of an operating system?,Run applications,Manage computer hardware,Create documents,Connect to the internet,Manage computer hardware,Computer Science,Middle School,2025-06-04 21:32:50.329045
231,Which part stores data temporarily while the computer is on?,Hard drive,RAM,CPU,Motherboard,RAM,Computer Science,Middle School,2025-06-04 21:32:50.32971
232,What does HTML stand for?,Hyper Text Markup Language,High Tech Machine Language,Hyperlink and Text Markup Language,Hyper Tool Multi Language,Hyper Text Markup Language,Computer Science,Middle School,2025-06-04 21:32:50.330396
233,Which of these is a programming language?,HTTP,Python,HTML,FTP,Python,Computer Science,Middle School,2025-06-04 21:32:50.331057
234,What does URL stand for?,Uniform Resource Locator,Universal Resource Link,Uniform Reference Link,Universal Resource Locator,Uniform Resource Locator,Computer Science,Middle School,2025-06-04 21:32:50.331732
235,Which device is used to store data permanently?,RAM,Hard drive,CPU,Monitor,Hard drive,Computer Science,Middle School,2025-06-04 21:32:50.332498
236,What is the function of a web browser?,Create websites,Browse the internet,Write code,Store files,Browse the internet,Computer Science,Middle School,2025-06-04 21:32:50.333229
237,What is a virus in computing?,A program that protects your computer,A harmful program that damages data,A hardware device,A type of software update,A harmful program that damages data,Computer Science,Middle School,2025-06-04 21:32:50.333969
238,Which key combination is commonly used to copy?,Ctrl + C,Ctrl + V,Ctrl + X,Ctrl + Z,Ctrl + C,Computer Science,Middle School,2025-06-04 21:32:50.334651
239,What does GUI stand for?,Graphical User Interface,General User Input,Global User Interaction,Graph User Instruction,Graphical User Interface,Computer Science,Middle School,2025-06-04 21:32:50.335308
240,What is coding?,Writing instructions for computers,Building hardware,Fixing software,Designing websites,Writing instructions for computers,Computer Science,Middle School,2025-06-04 21:32:50.336119
241,What is an algorithm?,A step-by-step solution to a problem,A type of software,A programming language,A hardware device,A step-by-step solution to a problem,Computer Science,Middle School,2025-06-04 21:32:50.336819
242,Which device connects a computer to the internet?,Router,Printer,Monitor,Keyboard,Router,Computer Science,Middle School,2025-06-04 21:32:50.337495
243,What does USB stand for?,Universal Serial Bus,United Serial Block,Universal System Bus,United System Board,Universal Serial Bus,Computer Science,Middle School,2025-06-04 21:32:50.338106
244,What is cloud computing?,Storing and accessing data over the internet,Using a desktop computer,Programming software,Building a computer,Storing and accessing data over the internet,Computer Science,Middle School,2025-06-04 21:32:50.338703
245,Which language is used to style web pages?,HTML,CSS,Python,Java,CSS,Computer Science,Middle School,2025-06-04 21:32:50.339334
246,What is a loop in programming?,A command to repeat actions,A type of error,A program output,A variable,A command to repeat actions,Computer Science,Middle School,2025-06-04 21:32:50.33996
247,What device displays images and videos?,Speaker,Monitor,Mouse,Keyboard,Monitor,Computer Science,Middle School,2025-06-04 21:32:50.340589
248,What is a byte?,A unit of storage,A programming language,A type of virus,An input device,A unit of storage,Computer Science,Middle School,2025-06-04 21:32:50.341211
249,Which software helps you write code?,Text editor,Web browser,Game,Spreadsheet,Text editor,Computer Science,Middle School,2025-06-04 21:32:50.341854
250,What is debugging?,Finding and fixing errors in code,Writing new code,Designing graphics,Installing software,Finding and fixing errors in code,Computer Science,Middle School,2025-06-04 21:32:50.342761
251,What is the solution to the equation 2x + 3 = 11?,4,5,6,7,4,Mathematics,High School,2025-06-04 21:32:50.34337
252,"What is the slope of the line passing through points (2, 3) and (4, 7)?",1,2,3,4,2,Mathematics,High School,2025-06-04 21:32:50.343918
253,What is the quadratic formula?,x = (-b ± √(b² - 4ac)) / 2a,x = (-b ± √(b² + 4ac)) / 2a,x = (b ± √(b² - 4ac)) / 2a,x = (b ± √(b² + 4ac)) / 2a,x = (-b ± √(b² - 4ac)) / 2a,Mathematics,High School,2025-06-04 21:32:50.345015
254,"If f(x) = 3x² - 2x + 1, what is f(2)?",7,9,11,13,9,Mathematics,High School,2025-06-04 21:32:50.345669
255,What is the value of sin(90°)?,0,0.5,1,-1,1,Mathematics,High School,2025-06-04 21:32:50.346313
256,What is the derivative of f(x) = x³?,3x²,x²,3x,x³,3x²,Mathematics,High School,2025-06-04 21:32:50.34691
257,What is the area of a circle with radius 5?,25π,10π,50π,100π,25π,Mathematics,High School,2025-06-04 21:32:50.347617
258,What is the sum of the interior angles of a triangle?,90°,180°,270°,360°,180°,Mathematics,High School,2025-06-04 21:32:50.348231
259,"What is the next number in the sequence: 2, 4, 8, 16, ...?",18,20,24,32,32,Mathematics,High School,2025-06-04 21:32:50.348863
260,What is the value of log₁₀(100)?,1,2,10,100,2,Mathematics,High School,2025-06-04 21:32:50.349441
261,What is the solution set of the inequality 3x - 5 > 1?,x > 2,x > -2,x < 2,x < -2,x > 2,Mathematics,High School,2025-06-04 21:32:50.350033
262,"If a triangle has sides of length 3, 4, and 5, what type of triangle is it?",Equilateral,Isosceles,Right,Obtuse,Right,Mathematics,High School,2025-06-04 21:32:50.350596
263,"What is the median of the data set: 3, 7, 8, 5, 12, 14, 21, 13, 18?",8,12,13,14,12,Mathematics,High School,2025-06-04 21:32:50.351137
264,What is the sum of the first 10 natural numbers?,45,50,55,60,55,Mathematics,High School,2025-06-04 21:32:50.351773
265,What is the standard form of the equation of a circle?,(x - h)² + (y - k)² = r²,x² + y² = r,x² + y² = r²,(x + h)² + (y + k)² = r²,(x - h)² + (y - k)² = r²,Mathematics,High School,2025-06-04 21:32:50.352458
266,What is the factorial of 5 (5!)?,120,24,60,720,120,Mathematics,High School,2025-06-04 21:32:50.353331
267,What is the probability of flipping a coin and getting heads?,1,0.5,0.25,0,0.5,Mathematics,High School,2025-06-04 21:32:50.353993
268,What is the value of 7²?,14,42,49,56,49,Mathematics,High School,2025-06-04 21:32:50.354698
269,"What is the distance formula between points (x₁, y₁) and (x₂, y₂)?",√((x₂ - x₁)² + (y₂ - y₁)²),(x₂ - x₁) + (y₂ - y₁),√(x₁ + x₂) + (y₁ + y₂),((x₂ - x₁)² + (y₂ - y₁)²)²,√((x₂ - x₁)² + (y₂ - y₁)²),Mathematics,High School,2025-06-04 21:32:50.355481
270,What is the intercept of the line y = 3x + 4?,3,4,0,7,4,Mathematics,High School,2025-06-04 21:32:50.356112
271,What is the solution to the system: x + y = 6 and x - y = 2?,"x=4, y=2","x=2, y=4","x=3, y=3","x=6, y=0","x=4, y=2",Mathematics,High School,2025-06-04 21:32:50.356768
272,What is the binomial coefficient 'n choose k' formula?,n! / (k! (n - k)!),n! * k!,n! / (k! + (n - k)!),n! - k!,n! / (k! (n - k)!),Mathematics,High School,2025-06-04 21:32:50.357392
273,What is the value of e (Euler's number) approximately?,2.71,3.14,1.41,1.62,2.71,Mathematics,High School,2025-06-04 21:32:50.358012
274,What is the angle sum of a quadrilateral?,180°,360°,270°,90°,360°,Mathematics,High School,2025-06-04 21:32:50.358636
275,"If f(x) = 2x + 3, what is f⁻¹(7)?",2,3,5,7,2,Mathematics,High School,2025-06-04 21:32:50.359519
276,What is the formula for calculating velocity?,v = d / t,v = t / d,v = d * t,v = d + t,v = d / t,Physics,High School,2025-06-04 21:32:50.360129
277,What is Newton's Second Law?,F = m * a,F = m / a,F = a / m,F = m + a,F = m * a,Physics,High School,2025-06-04 21:32:50.360774
278,What is the unit of force?,Newton,Joule,Watt,Pascal,Newton,Physics,High School,2025-06-04 21:32:50.361354
279,What is the acceleration due to gravity on Earth?,9.8 m/s²,8.9 m/s²,10 m/s²,9.2 m/s²,9.8 m/s²,Physics,High School,2025-06-04 21:32:50.361966
280,What type of energy does a stretched spring have?,Kinetic energy,Potential energy,Thermal energy,Nuclear energy,Potential energy,Physics,High School,2025-06-04 21:32:50.362676
281,What is the SI unit of work?,Joule,Newton,Watt,Pascal,Joule,Physics,High School,2025-06-04 21:32:50.363309
282,What is the formula for kinetic energy?,KE = 1/2 mv²,KE = mgh,KE = mv,KE = mg,KE = 1/2 mv²,Physics,High School,2025-06-04 21:32:50.363909
283,What is the unit of power?,Watt,Joule,Newton,Pascal,Watt,Physics,High School,2025-06-04 21:32:50.364536
284,What does Ohm’s Law state?,V = IR,P = IV,E = mc²,F = ma,V = IR,Physics,High School,2025-06-04 21:32:50.365125
285,What is the speed of light in vacuum?,3 x 10^8 m/s,3 x 10^6 m/s,3 x 10^5 m/s,3 x 10^7 m/s,3 x 10^8 m/s,Physics,High School,2025-06-04 21:32:50.365833
286,What is the unit of electric current?,Ampere,Volt,Ohm,Watt,Ampere,Physics,High School,2025-06-04 21:32:50.366525
287,Which law explains the relationship between pressure and volume of a gas?,Boyle’s Law,Charles’s Law,Newton’s Law,Ohm’s Law,Boyle’s Law,Physics,High School,2025-06-04 21:32:50.367259
288,What is the formula for gravitational potential energy?,PE = mgh,PE = 1/2 mv²,PE = Fd,PE = mv,PE = mgh,Physics,High School,2025-06-04 21:32:50.36795
289,What does the Law of Conservation of Energy state?,Energy cannot be created or destroyed,Energy increases over time,Energy is always lost,Energy is not measurable,Energy cannot be created or destroyed,Physics,High School,2025-06-04 21:32:50.368582
290,What is the SI unit of frequency?,Hertz,Joule,Newton,Watt,Hertz,Physics,High School,2025-06-04 21:32:50.369174
291,What type of wave is sound?,Mechanical wave,Electromagnetic wave,Light wave,Radio wave,Mechanical wave,Physics,High School,2025-06-04 21:32:50.369873
292,What is the relationship between wavelength and frequency?,They are inversely proportional,They are directly proportional,They are equal,No relation,They are inversely proportional,Physics,High School,2025-06-04 21:32:50.370616
293,What does a convex lens do to light rays?,Converges them,Diverges them,Absorbs them,Reflects them,Converges them,Physics,High School,2025-06-04 21:32:50.371364
294,What is the unit of electric resistance?,Ohm,Ampere,Volt,Watt,Ohm,Physics,High School,2025-06-04 21:32:50.372028
295,What force keeps planets in orbit around the sun?,Gravitational force,Magnetic force,Frictional force,Nuclear force,Gravitational force,Physics,High School,2025-06-04 21:32:50.372664
296,What is the momentum of an object with mass 3 kg moving at 4 m/s?,12 kg·m/s,7 kg·m/s,1.33 kg·m/s,0.75 kg·m/s,12 kg·m/s,Physics,High School,2025-06-04 21:32:50.373284
297,Which of the following is a scalar quantity?,Speed,Velocity,Displacement,Acceleration,Speed,Physics,High School,2025-06-04 21:32:50.373916
298,What is the period of a wave?,Time taken for one complete cycle,Number of cycles per second,Distance between two crests,Height of the wave,Time taken for one complete cycle,Physics,High School,2025-06-04 21:32:50.374567
299,What type of energy transformation occurs in a hydroelectric dam?,Potential energy to electrical energy,Kinetic energy to thermal energy,Chemical energy to mechanical energy,Nuclear energy to light energy,Potential energy to electrical energy,Physics,High School,2025-06-04 21:32:50.37522
300,What is the main source of energy for the Earth’s climate system?,The Sun,The Moon,Volcanic activity,The Earth’s core,The Sun,Physics,High School,2025-06-04 21:32:50.376143
301,What is the atomic number of carbon?,6,12,14,8,6,Chemistry,High School,2025-06-04 21:32:50.376838
302,Which element is a noble gas?,Neon,Oxygen,Nitrogen,Chlorine,Neon,Chemistry,High School,2025-06-04 21:32:50.377491
303,What is the chemical formula for water?,H2O,CO2,O2,NaCl,H2O,Chemistry,High School,2025-06-04 21:32:50.378104
304,What is the pH of a neutral solution?,7,0,14,1,7,Chemistry,High School,2025-06-04 21:32:50.378697
305,What type of bond involves sharing electrons?,Covalent bond,Ionic bond,Metallic bond,Hydrogen bond,Covalent bond,Chemistry,High School,2025-06-04 21:32:50.379314
306,Which is an example of a chemical change?,Burning wood,Melting ice,Dissolving sugar,Breaking glass,Burning wood,Chemistry,High School,2025-06-04 21:32:50.379932
307,What is the charge of a proton?,Positive,Negative,Neutral,Depends on the element,Positive,Chemistry,High School,2025-06-04 21:32:50.380542
308,Which gas is most abundant in Earth's atmosphere?,Nitrogen,Oxygen,Carbon dioxide,Argon,Nitrogen,Chemistry,High School,2025-06-04 21:32:50.381144
309,What is Avogadro's number?,6.022 x 10^23,3.14,9.8,1.6 x 10^-19,6.022 x 10^23,Chemistry,High School,2025-06-04 21:32:50.381758
310,What is the molar mass of water (H2O)?,18 g/mol,16 g/mol,20 g/mol,22 g/mol,18 g/mol,Chemistry,High School,2025-06-04 21:32:50.382417
311,What is the chemical symbol for gold?,Au,Ag,Gd,Ga,Au,Chemistry,High School,2025-06-04 21:32:50.383009
312,What does the Law of Conservation of Mass state?,Mass is neither created nor destroyed,Mass increases during reactions,Mass decreases during reactions,Mass changes into energy,Mass is neither created nor destroyed,Chemistry,High School,2025-06-04 21:32:50.383618
313,Which particle determines the identity of an element?,Proton,Neutron,Electron,Ion,Proton,Chemistry,High School,2025-06-04 21:32:50.384215
314,What is the valence electron count for oxygen?,6,2,8,4,6,Chemistry,High School,2025-06-04 21:32:50.384817
315,What type of reaction is combustion?,Exothermic,Endothermic,Neutral,None of these,Exothermic,Chemistry,High School,2025-06-04 21:32:50.385436
316,Which of the following is an acid?,HCl,NaOH,NaCl,H2O,HCl,Chemistry,High School,2025-06-04 21:32:50.386034
317,What is the main component of natural gas?,Methane,Ethane,Propane,Butane,Methane,Chemistry,High School,2025-06-04 21:32:50.386777
318,What is the electron configuration of hydrogen?,1s1,1s2,2s1,2p1,1s1,Chemistry,High School,2025-06-04 21:32:50.387379
319,What is a catalyst?,Substance that speeds up a reaction,Substance that slows down a reaction,Product of a reaction,Reactant,Substance that speeds up a reaction,Chemistry,High School,2025-06-04 21:32:50.387978
320,Which element has the highest electronegativity?,Fluorine,Oxygen,Nitrogen,Chlorine,Fluorine,Chemistry,High School,2025-06-04 21:32:50.388627
321,What is the charge of an electron?,Negative,Positive,Neutral,Depends on the atom,Negative,Chemistry,High School,2025-06-04 21:32:50.389254
322,What is the name of the compound NaCl?,Sodium chloride,Sodium oxide,Potassium chloride,Calcium chloride,Sodium chloride,Chemistry,High School,2025-06-04 21:32:50.389853
323,What is the process of a solid changing directly to gas called?,Sublimation,Condensation,Evaporation,Melting,Sublimation,Chemistry,High School,2025-06-04 21:32:50.390446
324,Which acid is found in vinegar?,Acetic acid,Sulfuric acid,Hydrochloric acid,Nitric acid,Acetic acid,Chemistry,High School,2025-06-04 21:32:50.391055
325,What is the typical shape of a methane molecule (CH4)?,Tetrahedral,Linear,Trigonal planar,Bent,Tetrahedral,Chemistry,High School,2025-06-04 21:32:50.392045
326,What is the basic unit of life?,Cell,Atom,Molecule,Organ,Cell,Biology,High School,2025-06-04 21:32:50.392791
327,Which organelle is known as the powerhouse of the cell?,Mitochondria,Nucleus,Ribosome,Chloroplast,Mitochondria,Biology,High School,2025-06-04 21:32:50.393424
328,What molecule carries genetic information?,DNA,RNA,Protein,Lipid,DNA,Biology,High School,2025-06-04 21:32:50.394008
329,Which process do plants use to make food?,Photosynthesis,Respiration,Transpiration,Fermentation,Photosynthesis,Biology,High School,2025-06-04 21:32:50.39468
330,What gas do plants take in for photosynthesis?,Carbon dioxide,Oxygen,Nitrogen,Hydrogen,Carbon dioxide,Biology,High School,2025-06-04 21:32:50.395363
331,What is the name of the process by which cells divide?,Mitosis,Meiosis,Fission,Fertilization,Mitosis,Biology,High School,2025-06-04 21:32:50.395961
332,Which kingdom do fungi belong to?,Fungi,Plantae,Animalia,Protista,Fungi,Biology,High School,2025-06-04 21:32:50.396519
333,What type of biomolecule are enzymes?,Proteins,Carbohydrates,Lipids,Nucleic acids,Proteins,Biology,High School,2025-06-04 21:32:50.397067
334,Where in the cell does cellular respiration occur?,Mitochondria,Chloroplast,Nucleus,Ribosome,Mitochondria,Biology,High School,2025-06-04 21:32:50.397632
335,What is the function of ribosomes?,Protein synthesis,Energy production,Storage,Transport,Protein synthesis,Biology,High School,2025-06-04 21:32:50.398254
336,Which macromolecule stores genetic information?,Nucleic acids,Proteins,Carbohydrates,Lipids,Nucleic acids,Biology,High School,2025-06-04 21:32:50.398822
337,Which organ system is responsible for transporting oxygen in the body?,Circulatory system,Digestive system,Respiratory system,Nervous system,Circulatory system,Biology,High School,2025-06-04 21:32:50.399421
338,What is the process by which plants lose water through leaves?,Transpiration,Respiration,Photosynthesis,Diffusion,Transpiration,Biology,High School,2025-06-04 21:32:50.399961
339,Which blood cells help fight infections?,White blood cells,Red blood cells,Platelets,Plasma,White blood cells,Biology,High School,2025-06-04 21:32:50.400546
340,What is the term for a change in DNA sequence?,Mutation,Evolution,Adaptation,Selection,Mutation,Biology,High School,2025-06-04 21:32:50.401186
341,Which part of the plant transports water?,Xylem,Phloem,Stomata,Root hairs,Xylem,Biology,High School,2025-06-04 21:32:50.401793
342,What is the name of the molecule that stores energy in cells?,ATP,DNA,RNA,Glucose,ATP,Biology,High School,2025-06-04 21:32:50.402352
343,Which macromolecules are the main components of cell membranes?,Lipids,Proteins,Carbohydrates,Nucleic acids,Lipids,Biology,High School,2025-06-04 21:32:50.40325
344,What type of reproduction involves two parents?,Sexual reproduction,Asexual reproduction,Binary fission,Budding,Sexual reproduction,Biology,High School,2025-06-04 21:32:50.404314
345,Which structure controls what enters and leaves the cell?,Cell membrane,Nucleus,Cytoplasm,Cell wall,Cell membrane,Biology,High School,2025-06-04 21:32:50.405116
346,Which process produces gametes?,Meiosis,Mitosis,Fertilization,Replication,Meiosis,Biology,High School,2025-06-04 21:32:50.405717
347,What is the main function of chloroplasts?,Photosynthesis,Respiration,Protein synthesis,Cell division,Photosynthesis,Biology,High School,2025-06-04 21:32:50.406313
348,Which biomolecule provides insulation and long-term energy storage?,Lipids,Proteins,Carbohydrates,Nucleic acids,Lipids,Biology,High School,2025-06-04 21:32:50.406973
349,What is the process by which water moves across a membrane?,Osmosis,Diffusion,Active transport,Facilitated diffusion,Osmosis,Biology,High School,2025-06-04 21:32:50.407636
350,What is the term for organisms that make their own food?,Autotrophs,Heterotrophs,Decomposers,Consumers,Autotrophs,Biology,High School,2025-06-04 21:32:50.408496
